{
  "n_features": 24,
  "feature_names": [
    "sub_view_ratio",
    "views_per_sub",
    "like_rate",
    "comment_rate",
    "comment_like_ratio",
    "view_cv",
    "upload_rate",
    "log_age",
    "log_subs",
    "log_total_views",
    "hidden_subs",
    "disabled_comments",
    "comment_diversity",
    "spam_ratio",
    "avg_comment_len",
    "comments_collected",
    "top_avg_ratio",
    "bot_avg_ratio",
    "view_like_corr",
    "log_avg_views",
    "log_avg_likes",
    "log_avg_comments",
    "vps_anomaly",
    "engagement_score"
  ],
  "n_train_organic": 1500,
  "n_train_bot": 1500,
  "top_features": [
    "like_rate",
    "log_age",
    "engagement_score",
    "sub_view_ratio",
    "log_total_views"
  ],
  "feature_importances": {
    "like_rate": 0.209224,
    "log_age": 0.196904,
    "engagement_score": 0.135021,
    "sub_view_ratio": 0.111784,
    "log_total_views": 0.080596,
    "view_cv": 0.054673,
    "top_avg_ratio": 0.036346,
    "comments_collected": 0.034578,
    "bot_avg_ratio": 0.031693,
    "log_avg_comments": 0.022331,
    "comment_like_ratio": 0.021329,
    "comment_rate": 0.017879,
    "log_avg_likes": 0.014497,
    "spam_ratio": 0.012733,
    "avg_comment_len": 0.006933,
    "comment_diversity": 0.006833,
    "hidden_subs": 0.002316,
    "log_avg_views": 0.002314,
    "log_subs": 0.000749,
    "views_per_sub": 0.000648,
    "vps_anomaly": 0.000488,
    "upload_rate": 0.000131,
    "disabled_comments": 0.0,
    "view_like_corr": 0.0
  },
  "organic_means": {
    "sub_view_ratio": 0.011410539038479328,
    "views_per_sub": 0.3133045732975006,
    "like_rate": 0.05993172153830528,
    "comment_rate": 0.007946250028908253,
    "comment_like_ratio": 0.13341358304023743,
    "view_cv": 0.5123059749603271,
    "upload_rate": 0.059611499309539795,
    "log_age": 8.203341484069824,
    "log_subs": 13.516475677490234,
    "log_total_views": 18.12601661682129,
    "hidden_subs": 0.0,
    "disabled_comments": 0.0,
    "comment_diversity": 0.5145220756530762,
    "spam_ratio": 0.0,
    "avg_comment_len": 2.06109881401062,
    "comments_collected": 54.71466827392578,
    "top_avg_ratio": 2.546874523162842,
    "bot_avg_ratio": 0.32552582025527954,
    "view_like_corr": 0.7586963772773743,
    "log_avg_views": 12.207462310791016,
    "log_avg_likes": 9.390250205993652,
    "log_avg_comments": 7.369561195373535,
    "vps_anomaly": 0.0,
    "engagement_score": 0.06787791103124619
  },
  "bot_means": {
    "sub_view_ratio": 0.12973082065582275,
    "views_per_sub": 0.7370650768280029,
    "like_rate": 0.019969580695033073,
    "comment_rate": 0.007956593297421932,
    "comment_like_ratio": 1.5234614610671997,
    "view_cv": 0.18681852519512177,
    "upload_rate": 0.10239092260599136,
    "log_age": 6.921595096588135,
    "log_subs": 12.593055725097656,
    "log_total_views": 15.08756160736084,
    "hidden_subs": 0.4880000054836273,
    "disabled_comments": 0.0,
    "comment_diversity": 0.502870500087738,
    "spam_ratio": 0.3188885450363159,
    "avg_comment_len": 1.9921575784683228,
    "comments_collected": 17.6113338470459,
    "top_avg_ratio": 1.4157581329345703,
    "bot_avg_ratio": 0.7094672322273254,
    "view_like_corr": 0.5860517024993896,
    "log_avg_views": 9.902387619018555,
    "log_avg_likes": 5.342679023742676,
    "log_avg_comments": 3.832756280899048,
    "vps_anomaly": 0.2763333320617676,
    "engagement_score": 0.02790861576795578
  }
}